Sum of sales,order_date,forecastValue,confidenceHighBound,confidenceLowBound
808,2011-01-01 00:00:00,,,
314,2011-01-02 00:00:00,,,
4502,2011-01-03 00:00:00,,,
2809,2011-01-04 00:00:00,,,
3664,2011-01-05 00:00:00,,,
623,2011-01-06 00:00:00,,,
7122,2011-01-07 00:00:00,,,
6295,2011-01-08 00:00:00,,,
815,2011-01-09 00:00:00,,,
6793,2011-01-10 00:00:00,,,
6454,2011-01-11 00:00:00,,,
2631,2011-01-12 00:00:00,,,
2585,2011-01-13 00:00:00,,,
6281,2011-01-14 00:00:00,,,
2281,2011-01-15 00:00:00,,,
150,2011-01-16 00:00:00,,,
2310,2011-01-17 00:00:00,,,
932,2011-01-18 00:00:00,,,
2054,2011-01-19 00:00:00,,,
2288,2011-01-20 00:00:00,,,
8486,2011-01-21 00:00:00,,,
3563,2011-01-22 00:00:00,,,
2163,2011-01-23 00:00:00,,,
3983,2011-01-24 00:00:00,,,
1192,2011-01-25 00:00:00,,,
5422,2011-01-26 00:00:00,,,
2166,2011-01-27 00:00:00,,,
1208,2011-01-28 00:00:00,,,
910,2011-01-29 00:00:00,,,
455,2011-01-30 00:00:00,,,
7643,2011-01-31 00:00:00,,,
2457,2011-02-01 00:00:00,,,
7712,2011-02-02 00:00:00,,,
366,2011-02-03 00:00:00,,,
1866,2011-02-04 00:00:00,,,
221,2011-02-05 00:00:00,,,
3,2011-02-06 00:00:00,,,
1799,2011-02-07 00:00:00,,,
1008,2011-02-08 00:00:00,,,
4579,2011-02-09 00:00:00,,,
11863,2011-02-10 00:00:00,,,
1008,2011-02-11 00:00:00,,,
2870,2011-02-12 00:00:00,,,
130,2011-02-13 00:00:00,,,
4604,2011-02-14 00:00:00,,,
10347,2011-02-15 00:00:00,,,
9334,2011-02-16 00:00:00,,,
631,2011-02-17 00:00:00,,,
2303,2011-02-18 00:00:00,,,
156,2011-02-19 00:00:00,,,
4484,2011-02-21 00:00:00,,,
2648,2011-02-22 00:00:00,,,
4355,2011-02-23 00:00:00,,,
5867,2011-02-24 00:00:00,,,
3394,2011-02-25 00:00:00,,,
4104,2011-02-26 00:00:00,,,
625,2011-02-27 00:00:00,,,
2418,2011-02-28 00:00:00,,,
12567,2011-03-01 00:00:00,,,
4147,2011-03-02 00:00:00,,,
9480,2011-03-03 00:00:00,,,
1244,2011-03-04 00:00:00,,,
835,2011-03-05 00:00:00,,,
135,2011-03-06 00:00:00,,,
3866,2011-03-07 00:00:00,,,
9873,2011-03-08 00:00:00,,,
723,2011-03-09 00:00:00,,,
4108,2011-03-10 00:00:00,,,
2933,2011-03-11 00:00:00,,,
4637,2011-03-12 00:00:00,,,
6628,2011-03-14 00:00:00,,,
1826,2011-03-15 00:00:00,,,
1161,2011-03-16 00:00:00,,,
4614,2011-03-17 00:00:00,,,
30115,2011-03-18 00:00:00,,,
972,2011-03-19 00:00:00,,,
10680,2011-03-21 00:00:00,,,
3879,2011-03-22 00:00:00,,,
5068,2011-03-23 00:00:00,,,
1362,2011-03-24 00:00:00,,,
3266,2011-03-25 00:00:00,,,
856,2011-03-26 00:00:00,,,
30,2011-03-27 00:00:00,,,
4261,2011-03-28 00:00:00,,,
2951,2011-03-29 00:00:00,,,
5762,2011-03-30 00:00:00,,,
7747,2011-03-31 00:00:00,,,
2586,2011-04-01 00:00:00,,,
8923,2011-04-02 00:00:00,,,
879,2011-04-03 00:00:00,,,
5725,2011-04-04 00:00:00,,,
10265,2011-04-05 00:00:00,,,
4674,2011-04-06 00:00:00,,,
3438,2011-04-07 00:00:00,,,
6802,2011-04-08 00:00:00,,,
367,2011-04-09 00:00:00,,,
4548,2011-04-11 00:00:00,,,
4012,2011-04-12 00:00:00,,,
3052,2011-04-13 00:00:00,,,
6252,2011-04-14 00:00:00,,,
1728,2011-04-15 00:00:00,,,
4041,2011-04-16 00:00:00,,,
5907,2011-04-18 00:00:00,,,
2860,2011-04-19 00:00:00,,,
4138,2011-04-20 00:00:00,,,
4703,2011-04-21 00:00:00,,,
7064,2011-04-22 00:00:00,,,
772,2011-04-23 00:00:00,,,
166,2011-04-24 00:00:00,,,
5026,2011-04-25 00:00:00,,,
2087,2011-04-26 00:00:00,,,
8437,2011-04-27 00:00:00,,,
3912,2011-04-28 00:00:00,,,
3070,2011-04-29 00:00:00,,,
1493,2011-04-30 00:00:00,,,
9275,2011-05-02 00:00:00,,,
5259,2011-05-03 00:00:00,,,
7513,2011-05-04 00:00:00,,,
2998,2011-05-05 00:00:00,,,
5966,2011-05-06 00:00:00,,,
1982,2011-05-07 00:00:00,,,
2502,2011-05-08 00:00:00,,,
5018,2011-05-09 00:00:00,,,
5828,2011-05-10 00:00:00,,,
2821,2011-05-11 00:00:00,,,
5519,2011-05-12 00:00:00,,,
6774,2011-05-13 00:00:00,,,
4543,2011-05-14 00:00:00,,,
194,2011-05-15 00:00:00,,,
1569,2011-05-16 00:00:00,,,
3524,2011-05-17 00:00:00,,,
9238,2011-05-18 00:00:00,,,
3039,2011-05-19 00:00:00,,,
1291,2011-05-20 00:00:00,,,
10646,2011-05-21 00:00:00,,,
226,2011-05-22 00:00:00,,,
6533,2011-05-23 00:00:00,,,
10474,2011-05-24 00:00:00,,,
3046,2011-05-25 00:00:00,,,
5965,2011-05-26 00:00:00,,,
5867,2011-05-27 00:00:00,,,
2104,2011-05-28 00:00:00,,,
8638,2011-05-30 00:00:00,,,
8410,2011-05-31 00:00:00,,,
11481,2011-06-01 00:00:00,,,
12518,2011-06-02 00:00:00,,,
11351,2011-06-03 00:00:00,,,
1926,2011-06-04 00:00:00,,,
1139,2011-06-05 00:00:00,,,
10266,2011-06-06 00:00:00,,,
16748,2011-06-07 00:00:00,,,
9530,2011-06-08 00:00:00,,,
10245,2011-06-09 00:00:00,,,
5474,2011-06-10 00:00:00,,,
3161,2011-06-11 00:00:00,,,
38,2011-06-12 00:00:00,,,
6576,2011-06-13 00:00:00,,,
4947,2011-06-14 00:00:00,,,
6110,2011-06-15 00:00:00,,,
4010,2011-06-16 00:00:00,,,
14496,2011-06-17 00:00:00,,,
5519,2011-06-18 00:00:00,,,
58,2011-06-19 00:00:00,,,
8529,2011-06-20 00:00:00,,,
8720,2011-06-21 00:00:00,,,
19197,2011-06-22 00:00:00,,,
3134,2011-06-23 00:00:00,,,
5390,2011-06-24 00:00:00,,,
5899,2011-06-25 00:00:00,,,
1269,2011-06-26 00:00:00,,,
6653,2011-06-27 00:00:00,,,
7197,2011-06-28 00:00:00,,,
8333,2011-06-29 00:00:00,,,
5300,2011-06-30 00:00:00,,,
3844,2011-07-01 00:00:00,,,
389,2011-07-02 00:00:00,,,
1984,2011-07-04 00:00:00,,,
3725,2011-07-05 00:00:00,,,
3772,2011-07-06 00:00:00,,,
4856,2011-07-07 00:00:00,,,
3385,2011-07-08 00:00:00,,,
2022,2011-07-09 00:00:00,,,
5228,2011-07-11 00:00:00,,,
5228,2011-07-12 00:00:00,,,
1939,2011-07-13 00:00:00,,,
3034,2011-07-14 00:00:00,,,
934,2011-07-15 00:00:00,,,
3626,2011-07-16 00:00:00,,,
354,2011-07-17 00:00:00,,,
5443,2011-07-18 00:00:00,,,
4767,2011-07-19 00:00:00,,,
7977,2011-07-20 00:00:00,,,
6104,2011-07-21 00:00:00,,,
3077,2011-07-22 00:00:00,,,
3861,2011-07-23 00:00:00,,,
102,2011-07-24 00:00:00,,,
12337,2011-07-25 00:00:00,,,
7918,2011-07-26 00:00:00,,,
9804,2011-07-27 00:00:00,,,
3211,2011-07-28 00:00:00,,,
1916,2011-07-29 00:00:00,,,
4205,2011-07-30 00:00:00,,,
476,2011-07-31 00:00:00,,,
6767,2011-08-01 00:00:00,,,
5344,2011-08-02 00:00:00,,,
10667,2011-08-03 00:00:00,,,
13621,2011-08-04 00:00:00,,,
5709,2011-08-05 00:00:00,,,
1072,2011-08-06 00:00:00,,,
38,2011-08-07 00:00:00,,,
8099,2011-08-08 00:00:00,,,
13282,2011-08-09 00:00:00,,,
13153,2011-08-10 00:00:00,,,
7410,2011-08-11 00:00:00,,,
8970,2011-08-12 00:00:00,,,
2603,2011-08-13 00:00:00,,,
6932,2011-08-15 00:00:00,,,
13433,2011-08-16 00:00:00,,,
6625,2011-08-17 00:00:00,,,
9053,2011-08-18 00:00:00,,,
10154,2011-08-19 00:00:00,,,
3032,2011-08-20 00:00:00,,,
2996,2011-08-21 00:00:00,,,
5181,2011-08-22 00:00:00,,,
3313,2011-08-23 00:00:00,,,
5166,2011-08-24 00:00:00,,,
9631,2011-08-25 00:00:00,,,
8122,2011-08-26 00:00:00,,,
5397,2011-08-27 00:00:00,,,
7615,2011-08-29 00:00:00,,,
8906,2011-08-30 00:00:00,,,
5279,2011-08-31 00:00:00,,,
7252,2011-09-01 00:00:00,,,
14364,2011-09-02 00:00:00,,,
814,2011-09-03 00:00:00,,,
4149,2011-09-05 00:00:00,,,
10297,2011-09-06 00:00:00,,,
6336,2011-09-07 00:00:00,,,
36833,2011-09-08 00:00:00,,,
11579,2011-09-09 00:00:00,,,
3269,2011-09-10 00:00:00,,,
1368,2011-09-11 00:00:00,,,
14073,2011-09-12 00:00:00,,,
6395,2011-09-13 00:00:00,,,
17719,2011-09-14 00:00:00,,,
10738,2011-09-15 00:00:00,,,
5409,2011-09-16 00:00:00,,,
2467,2011-09-17 00:00:00,,,
750,2011-09-18 00:00:00,,,
16206,2011-09-19 00:00:00,,,
13651,2011-09-20 00:00:00,,,
9811,2011-09-21 00:00:00,,,
9068,2011-09-22 00:00:00,,,
23864,2011-09-23 00:00:00,,,
4394,2011-09-24 00:00:00,,,
6373,2011-09-25 00:00:00,,,
8480,2011-09-26 00:00:00,,,
15353,2011-09-27 00:00:00,,,
11437,2011-09-28 00:00:00,,,
11747,2011-09-29 00:00:00,,,
6034,2011-09-30 00:00:00,,,
1625,2011-10-01 00:00:00,,,
597,2011-10-02 00:00:00,,,
8660,2011-10-03 00:00:00,,,
8180,2011-10-04 00:00:00,,,
2596,2011-10-05 00:00:00,,,
17180,2011-10-06 00:00:00,,,
11287,2011-10-07 00:00:00,,,
3842,2011-10-08 00:00:00,,,
250,2011-10-09 00:00:00,,,
7858,2011-10-10 00:00:00,,,
2025,2011-10-11 00:00:00,,,
4660,2011-10-12 00:00:00,,,
9799,2011-10-13 00:00:00,,,
14453,2011-10-14 00:00:00,,,
8230,2011-10-15 00:00:00,,,
1364,2011-10-16 00:00:00,,,
5984,2011-10-17 00:00:00,,,
8291,2011-10-18 00:00:00,,,
8884,2011-10-19 00:00:00,,,
7524,2011-10-20 00:00:00,,,
7272,2011-10-21 00:00:00,,,
4954,2011-10-22 00:00:00,,,
4550,2011-10-24 00:00:00,,,
4803,2011-10-25 00:00:00,,,
8069,2011-10-26 00:00:00,,,
17293,2011-10-27 00:00:00,,,
5778,2011-10-28 00:00:00,,,
5023,2011-10-29 00:00:00,,,
134,2011-10-30 00:00:00,,,
7905,2011-10-31 00:00:00,,,
18668,2011-11-01 00:00:00,,,
8691,2011-11-02 00:00:00,,,
19275,2011-11-03 00:00:00,,,
18652,2011-11-04 00:00:00,,,
10387,2011-11-05 00:00:00,,,
1556,2011-11-06 00:00:00,,,
13235,2011-11-07 00:00:00,,,
4290,2011-11-08 00:00:00,,,
12158,2011-11-09 00:00:00,,,
10175,2011-11-10 00:00:00,,,
24404,2011-11-11 00:00:00,,,
4234,2011-11-12 00:00:00,,,
346,2011-11-13 00:00:00,,,
12537,2011-11-14 00:00:00,,,
10495,2011-11-15 00:00:00,,,
8007,2011-11-16 00:00:00,,,
14063,2011-11-17 00:00:00,,,
13519,2011-11-18 00:00:00,,,
9876,2011-11-19 00:00:00,,,
976,2011-11-20 00:00:00,,,
5409,2011-11-21 00:00:00,,,
9526,2011-11-22 00:00:00,,,
8507,2011-11-23 00:00:00,,,
10786,2011-11-24 00:00:00,,,
18120,2011-11-25 00:00:00,,,
6403,2011-11-26 00:00:00,,,
303,2011-11-27 00:00:00,,,
9289,2011-11-28 00:00:00,,,
8444,2011-11-29 00:00:00,,,
6168,2011-11-30 00:00:00,,,
14118,2011-12-01 00:00:00,,,
7295,2011-12-02 00:00:00,,,
9014,2011-12-03 00:00:00,,,
615,2011-12-04 00:00:00,,,
10389,2011-12-05 00:00:00,,,
12458,2011-12-06 00:00:00,,,
10247,2011-12-07 00:00:00,,,
13339,2011-12-08 00:00:00,,,
14316,2011-12-09 00:00:00,,,
5848,2011-12-10 00:00:00,,,
797,2011-12-11 00:00:00,,,
10225,2011-12-12 00:00:00,,,
14356,2011-12-13 00:00:00,,,
14350,2011-12-14 00:00:00,,,
15082,2011-12-15 00:00:00,,,
14193,2011-12-16 00:00:00,,,
13733,2011-12-17 00:00:00,,,
10806,2011-12-19 00:00:00,,,
21879,2011-12-20 00:00:00,,,
13003,2011-12-21 00:00:00,,,
12809,2011-12-22 00:00:00,,,
10613,2011-12-23 00:00:00,,,
9786,2011-12-24 00:00:00,,,
539,2011-12-25 00:00:00,,,
14836,2011-12-26 00:00:00,,,
15141,2011-12-27 00:00:00,,,
18803,2011-12-28 00:00:00,,,
10908,2011-12-29 00:00:00,,,
6702,2011-12-30 00:00:00,,,
7741,2011-12-31 00:00:00,,,
10008,2012-01-02 00:00:00,,,
3450,2012-01-03 00:00:00,,,
2618,2012-01-04 00:00:00,,,
5662,2012-01-05 00:00:00,,,
545,2012-01-06 00:00:00,,,
3699,2012-01-07 00:00:00,,,
2177,2012-01-08 00:00:00,,,
3599,2012-01-09 00:00:00,,,
6297,2012-01-10 00:00:00,,,
8259,2012-01-11 00:00:00,,,
8383,2012-01-12 00:00:00,,,
7107,2012-01-13 00:00:00,,,
2040,2012-01-14 00:00:00,,,
8371,2012-01-16 00:00:00,,,
6565,2012-01-17 00:00:00,,,
4540,2012-01-18 00:00:00,,,
3370,2012-01-19 00:00:00,,,
3578,2012-01-20 00:00:00,,,
1383,2012-01-21 00:00:00,,,
1494,2012-01-22 00:00:00,,,
9670,2012-01-23 00:00:00,,,
3226,2012-01-24 00:00:00,,,
3514,2012-01-25 00:00:00,,,
3415,2012-01-26 00:00:00,,,
9423,2012-01-27 00:00:00,,,
7629,2012-01-28 00:00:00,,,
876,2012-01-29 00:00:00,,,
3631,2012-01-30 00:00:00,,,
1246,2012-01-31 00:00:00,,,
1657,2012-02-01 00:00:00,,,
11631,2012-02-02 00:00:00,,,
959,2012-02-03 00:00:00,,,
4977,2012-02-04 00:00:00,,,
397,2012-02-05 00:00:00,,,
8731,2012-02-06 00:00:00,,,
4020,2012-02-07 00:00:00,,,
2321,2012-02-08 00:00:00,,,
4529,2012-02-09 00:00:00,,,
3683,2012-02-10 00:00:00,,,
204,2012-02-11 00:00:00,,,
157,2012-02-12 00:00:00,,,
4972,2012-02-13 00:00:00,,,
4814,2012-02-14 00:00:00,,,
5439,2012-02-15 00:00:00,,,
1260,2012-02-16 00:00:00,,,
1518,2012-02-17 00:00:00,,,
5538,2012-02-18 00:00:00,,,
176,2012-02-19 00:00:00,,,
2678,2012-02-20 00:00:00,,,
4678,2012-02-21 00:00:00,,,
2872,2012-02-22 00:00:00,,,
4380,2012-02-23 00:00:00,,,
3960,2012-02-24 00:00:00,,,
3308,2012-02-25 00:00:00,,,
7572,2012-02-27 00:00:00,,,
3049,2012-02-28 00:00:00,,,
1041,2012-02-29 00:00:00,,,
3913,2012-03-01 00:00:00,,,
10723,2012-03-02 00:00:00,,,
626,2012-03-03 00:00:00,,,
8252,2012-03-05 00:00:00,,,
5918,2012-03-06 00:00:00,,,
8466,2012-03-07 00:00:00,,,
4857,2012-03-08 00:00:00,,,
3457,2012-03-09 00:00:00,,,
1170,2012-03-10 00:00:00,,,
382,2012-03-11 00:00:00,,,
4086,2012-03-12 00:00:00,,,
4670,2012-03-13 00:00:00,,,
5569,2012-03-14 00:00:00,,,
7148,2012-03-15 00:00:00,,,
13262,2012-03-16 00:00:00,,,
540,2012-03-17 00:00:00,,,
11463,2012-03-19 00:00:00,,,
17841,2012-03-20 00:00:00,,,
4298,2012-03-21 00:00:00,,,
5869,2012-03-22 00:00:00,,,
3938,2012-03-23 00:00:00,,,
1816,2012-03-24 00:00:00,,,
8996,2012-03-26 00:00:00,,,
7167,2012-03-27 00:00:00,,,
4451,2012-03-28 00:00:00,,,
7351,2012-03-29 00:00:00,,,
3310,2012-03-30 00:00:00,,,
3553,2012-03-31 00:00:00,,,
511,2012-04-01 00:00:00,,,
4606,2012-04-02 00:00:00,,,
2208,2012-04-03 00:00:00,,,
2904,2012-04-04 00:00:00,,,
9765,2012-04-05 00:00:00,,,
7147,2012-04-06 00:00:00,,,
6396,2012-04-07 00:00:00,,,
3254,2012-04-09 00:00:00,,,
3484,2012-04-10 00:00:00,,,
5854,2012-04-11 00:00:00,,,
3762,2012-04-12 00:00:00,,,
10058,2012-04-13 00:00:00,,,
9263,2012-04-14 00:00:00,,,
493,2012-04-15 00:00:00,,,
14554,2012-04-16 00:00:00,,,
5029,2012-04-17 00:00:00,,,
8079,2012-04-18 00:00:00,,,
7688,2012-04-19 00:00:00,,,
6559,2012-04-20 00:00:00,,,
1608,2012-04-21 00:00:00,,,
6674,2012-04-22 00:00:00,,,
2670,2012-04-23 00:00:00,,,
3334,2012-04-24 00:00:00,,,
9520,2012-04-25 00:00:00,,,
5789,2012-04-26 00:00:00,,,
6085,2012-04-27 00:00:00,,,
7615,2012-04-28 00:00:00,,,
428,2012-04-29 00:00:00,,,
5723,2012-04-30 00:00:00,,,
3650,2012-05-01 00:00:00,,,
2317,2012-05-02 00:00:00,,,
5684,2012-05-03 00:00:00,,,
10825,2012-05-04 00:00:00,,,
1395,2012-05-05 00:00:00,,,
1148,2012-05-06 00:00:00,,,
11202,2012-05-07 00:00:00,,,
10823,2012-05-08 00:00:00,,,
6782,2012-05-09 00:00:00,,,
8661,2012-05-10 00:00:00,,,
10523,2012-05-11 00:00:00,,,
3612,2012-05-12 00:00:00,,,
312,2012-05-13 00:00:00,,,
6950,2012-05-14 00:00:00,,,
10568,2012-05-15 00:00:00,,,
8160,2012-05-16 00:00:00,,,
8386,2012-05-17 00:00:00,,,
5272,2012-05-18 00:00:00,,,
856,2012-05-19 00:00:00,,,
169,2012-05-20 00:00:00,,,
6140,2012-05-21 00:00:00,,,
9832,2012-05-22 00:00:00,,,
8570,2012-05-23 00:00:00,,,
9346,2012-05-24 00:00:00,,,
12592,2012-05-25 00:00:00,,,
2946,2012-05-26 00:00:00,,,
11,2012-05-27 00:00:00,,,
9207,2012-05-28 00:00:00,,,
9659,2012-05-29 00:00:00,,,
5712,2012-05-30 00:00:00,,,
17060,2012-05-31 00:00:00,,,
9045,2012-06-01 00:00:00,,,
6167,2012-06-02 00:00:00,,,
178,2012-06-03 00:00:00,,,
7133,2012-06-04 00:00:00,,,
11515,2012-06-05 00:00:00,,,
8815,2012-06-06 00:00:00,,,
7109,2012-06-07 00:00:00,,,
9395,2012-06-08 00:00:00,,,
3935,2012-06-09 00:00:00,,,
3240,2012-06-10 00:00:00,,,
13403,2012-06-11 00:00:00,,,
11957,2012-06-12 00:00:00,,,
9580,2012-06-13 00:00:00,,,
6869,2012-06-14 00:00:00,,,
6560,2012-06-15 00:00:00,,,
13217,2012-06-16 00:00:00,,,
1087,2012-06-17 00:00:00,,,
14120,2012-06-18 00:00:00,,,
15132,2012-06-19 00:00:00,,,
13716,2012-06-20 00:00:00,,,
11011,2012-06-21 00:00:00,,,
11805,2012-06-22 00:00:00,,,
5457,2012-06-23 00:00:00,,,
331,2012-06-24 00:00:00,,,
15916,2012-06-25 00:00:00,,,
9252,2012-06-26 00:00:00,,,
9845,2012-06-27 00:00:00,,,
4775,2012-06-28 00:00:00,,,
12080,2012-06-29 00:00:00,,,
3536,2012-06-30 00:00:00,,,
2542,2012-07-01 00:00:00,,,
4706,2012-07-02 00:00:00,,,
6683,2012-07-03 00:00:00,,,
9368,2012-07-04 00:00:00,,,
3104,2012-07-05 00:00:00,,,
8492,2012-07-06 00:00:00,,,
4382,2012-07-07 00:00:00,,,
34,2012-07-08 00:00:00,,,
5110,2012-07-09 00:00:00,,,
2586,2012-07-10 00:00:00,,,
9035,2012-07-11 00:00:00,,,
5472,2012-07-12 00:00:00,,,
8230,2012-07-13 00:00:00,,,
3906,2012-07-14 00:00:00,,,
27,2012-07-15 00:00:00,,,
7017,2012-07-16 00:00:00,,,
4969,2012-07-17 00:00:00,,,
6273,2012-07-18 00:00:00,,,
1636,2012-07-19 00:00:00,,,
7689,2012-07-20 00:00:00,,,
1753,2012-07-21 00:00:00,,,
8516,2012-07-23 00:00:00,,,
5629,2012-07-24 00:00:00,,,
6363,2012-07-25 00:00:00,,,
4226,2012-07-26 00:00:00,,,
4140,2012-07-27 00:00:00,,,
1349,2012-07-28 00:00:00,,,
43,2012-07-29 00:00:00,,,
5248,2012-07-30 00:00:00,,,
6719,2012-07-31 00:00:00,,,
12389,2012-08-01 00:00:00,,,
17672,2012-08-02 00:00:00,,,
20851,2012-08-03 00:00:00,,,
1388,2012-08-04 00:00:00,,,
2078,2012-08-05 00:00:00,,,
7338,2012-08-06 00:00:00,,,
9292,2012-08-07 00:00:00,,,
8978,2012-08-08 00:00:00,,,
12670,2012-08-09 00:00:00,,,
15656,2012-08-10 00:00:00,,,
1507,2012-08-11 00:00:00,,,
693,2012-08-12 00:00:00,,,
5724,2012-08-13 00:00:00,,,
14006,2012-08-14 00:00:00,,,
6844,2012-08-15 00:00:00,,,
16140,2012-08-16 00:00:00,,,
9296,2012-08-17 00:00:00,,,
6422,2012-08-18 00:00:00,,,
34,2012-08-19 00:00:00,,,
17934,2012-08-20 00:00:00,,,
6852,2012-08-21 00:00:00,,,
9685,2012-08-22 00:00:00,,,
10803,2012-08-23 00:00:00,,,
19845,2012-08-24 00:00:00,,,
2598,2012-08-25 00:00:00,,,
2259,2012-08-26 00:00:00,,,
10459,2012-08-27 00:00:00,,,
16824,2012-08-28 00:00:00,,,
15276,2012-08-29 00:00:00,,,
7039,2012-08-30 00:00:00,,,
14606,2012-08-31 00:00:00,,,
5592,2012-09-01 00:00:00,,,
2086,2012-09-02 00:00:00,,,
11087,2012-09-03 00:00:00,,,
10732,2012-09-04 00:00:00,,,
9362,2012-09-05 00:00:00,,,
15368,2012-09-06 00:00:00,,,
13642,2012-09-07 00:00:00,,,
2770,2012-09-08 00:00:00,,,
3305,2012-09-09 00:00:00,,,
15475,2012-09-10 00:00:00,,,
7064,2012-09-11 00:00:00,,,
6632,2012-09-12 00:00:00,,,
13355,2012-09-13 00:00:00,,,
15245,2012-09-14 00:00:00,,,
9841,2012-09-15 00:00:00,,,
1262,2012-09-16 00:00:00,,,
16870,2012-09-17 00:00:00,,,
17580,2012-09-18 00:00:00,,,
5123,2012-09-19 00:00:00,,,
17703,2012-09-20 00:00:00,,,
14296,2012-09-21 00:00:00,,,
5307,2012-09-22 00:00:00,,,
414,2012-09-23 00:00:00,,,
15319,2012-09-24 00:00:00,,,
9277,2012-09-25 00:00:00,,,
10444,2012-09-26 00:00:00,,,
11330,2012-09-27 00:00:00,,,
14806,2012-09-28 00:00:00,,,
7434,2012-09-29 00:00:00,,,
669,2012-09-30 00:00:00,,,
14903,2012-10-01 00:00:00,,,
6723,2012-10-02 00:00:00,,,
9911,2012-10-03 00:00:00,,,
8739,2012-10-04 00:00:00,,,
16412,2012-10-05 00:00:00,,,
4669,2012-10-06 00:00:00,,,
96,2012-10-07 00:00:00,,,
5036,2012-10-08 00:00:00,,,
8867,2012-10-09 00:00:00,,,
9466,2012-10-10 00:00:00,,,
11845,2012-10-11 00:00:00,,,
10978,2012-10-12 00:00:00,,,
6027,2012-10-13 00:00:00,,,
99,2012-10-14 00:00:00,,,
15016,2012-10-15 00:00:00,,,
4260,2012-10-16 00:00:00,,,
14585,2012-10-17 00:00:00,,,
5184,2012-10-18 00:00:00,,,
11177,2012-10-19 00:00:00,,,
4863,2012-10-20 00:00:00,,,
155,2012-10-21 00:00:00,,,
6704,2012-10-22 00:00:00,,,
8751,2012-10-23 00:00:00,,,
11083,2012-10-24 00:00:00,,,
17692,2012-10-25 00:00:00,,,
5814,2012-10-26 00:00:00,,,
7346,2012-10-27 00:00:00,,,
273,2012-10-28 00:00:00,,,
6812,2012-10-29 00:00:00,,,
12018,2012-10-30 00:00:00,,,
7438,2012-10-31 00:00:00,,,
11953,2012-11-01 00:00:00,,,
18487,2012-11-02 00:00:00,,,
5843,2012-11-03 00:00:00,,,
820,2012-11-04 00:00:00,,,
12278,2012-11-05 00:00:00,,,
5125,2012-11-06 00:00:00,,,
10643,2012-11-07 00:00:00,,,
28560,2012-11-08 00:00:00,,,
12353,2012-11-09 00:00:00,,,
15566,2012-11-10 00:00:00,,,
1546,2012-11-11 00:00:00,,,
11422,2012-11-12 00:00:00,,,
25619,2012-11-13 00:00:00,,,
10204,2012-11-14 00:00:00,,,
15133,2012-11-15 00:00:00,,,
16250,2012-11-16 00:00:00,,,
6544,2012-11-17 00:00:00,,,
178,2012-11-18 00:00:00,,,
7552,2012-11-19 00:00:00,,,
16071,2012-11-20 00:00:00,,,
12839,2012-11-21 00:00:00,,,
7021,2012-11-22 00:00:00,,,
13102,2012-11-23 00:00:00,,,
7938,2012-11-24 00:00:00,,,
385,2012-11-25 00:00:00,,,
6164,2012-11-26 00:00:00,,,
10680,2012-11-27 00:00:00,,,
13773,2012-11-28 00:00:00,,,
10124,2012-11-29 00:00:00,,,
9339,2012-11-30 00:00:00,,,
15574,2012-12-01 00:00:00,,,
282,2012-12-02 00:00:00,,,
22904,2012-12-03 00:00:00,,,
16797,2012-12-04 00:00:00,,,
6985,2012-12-05 00:00:00,,,
11699,2012-12-06 00:00:00,,,
11723,2012-12-07 00:00:00,,,
4078,2012-12-08 00:00:00,,,
2456,2012-12-09 00:00:00,,,
8743,2012-12-10 00:00:00,,,
12187,2012-12-11 00:00:00,,,
7408,2012-12-12 00:00:00,,,
16507,2012-12-13 00:00:00,,,
5519,2012-12-14 00:00:00,,,
11396,2012-12-15 00:00:00,,,
2137,2012-12-16 00:00:00,,,
13439,2012-12-17 00:00:00,,,
7511,2012-12-18 00:00:00,,,
22427,2012-12-19 00:00:00,,,
20079,2012-12-20 00:00:00,,,
10488,2012-12-21 00:00:00,,,
5546,2012-12-22 00:00:00,,,
606,2012-12-23 00:00:00,,,
15732,2012-12-24 00:00:00,,,
21570,2012-12-25 00:00:00,,,
16946,2012-12-26 00:00:00,,,
15328,2012-12-27 00:00:00,,,
14817,2012-12-28 00:00:00,,,
1869,2012-12-29 00:00:00,,,
4825,2012-12-30 00:00:00,,,
10667,2012-12-31 00:00:00,,,
9368,2013-01-01 00:00:00,,,
11612,2013-01-02 00:00:00,,,
5791,2013-01-03 00:00:00,,,
16270,2013-01-04 00:00:00,,,
5795,2013-01-05 00:00:00,,,
99,2013-01-06 00:00:00,,,
12467,2013-01-07 00:00:00,,,
6649,2013-01-08 00:00:00,,,
4551,2013-01-09 00:00:00,,,
7619,2013-01-10 00:00:00,,,
4944,2013-01-11 00:00:00,,,
7544,2013-01-12 00:00:00,,,
46,2013-01-13 00:00:00,,,
2585,2013-01-14 00:00:00,,,
7603,2013-01-15 00:00:00,,,
4987,2013-01-16 00:00:00,,,
3971,2013-01-17 00:00:00,,,
7588,2013-01-18 00:00:00,,,
5774,2013-01-19 00:00:00,,,
2253,2013-01-20 00:00:00,,,
11124,2013-01-21 00:00:00,,,
6087,2013-01-22 00:00:00,,,
5145,2013-01-23 00:00:00,,,
2210,2013-01-24 00:00:00,,,
8422,2013-01-25 00:00:00,,,
1177,2013-01-26 00:00:00,,,
1291,2013-01-27 00:00:00,,,
12538,2013-01-28 00:00:00,,,
9020,2013-01-29 00:00:00,,,
6867,2013-01-30 00:00:00,,,
7800,2013-01-31 00:00:00,,,
3303,2013-02-01 00:00:00,,,
11259,2013-02-02 00:00:00,,,
1204,2013-02-03 00:00:00,,,
1414,2013-02-04 00:00:00,,,
18218,2013-02-05 00:00:00,,,
8926,2013-02-06 00:00:00,,,
8287,2013-02-07 00:00:00,,,
9334,2013-02-08 00:00:00,,,
5124,2013-02-09 00:00:00,,,
997,2013-02-10 00:00:00,,,
8822,2013-02-11 00:00:00,,,
6534,2013-02-12 00:00:00,,,
3512,2013-02-13 00:00:00,,,
5786,2013-02-14 00:00:00,,,
3597,2013-02-15 00:00:00,,,
3845,2013-02-16 00:00:00,,,
12447,2013-02-18 00:00:00,,,
7331,2013-02-19 00:00:00,,,
4249,2013-02-20 00:00:00,,,
4172,2013-02-21 00:00:00,,,
8366,2013-02-22 00:00:00,,,
1928,2013-02-23 00:00:00,,,
5847,2013-02-25 00:00:00,,,
5316,2013-02-26 00:00:00,,,
15506,2013-02-27 00:00:00,,,
1923,2013-02-28 00:00:00,,,
6597,2013-03-01 00:00:00,,,
7286,2013-03-02 00:00:00,,,
445,2013-03-03 00:00:00,,,
15415,2013-03-04 00:00:00,,,
8916,2013-03-05 00:00:00,,,
6952,2013-03-06 00:00:00,,,
3655,2013-03-07 00:00:00,,,
9789,2013-03-08 00:00:00,,,
2424,2013-03-09 00:00:00,,,
636,2013-03-10 00:00:00,,,
18504,2013-03-11 00:00:00,,,
5184,2013-03-12 00:00:00,,,
11327,2013-03-13 00:00:00,,,
11488,2013-03-14 00:00:00,,,
6027,2013-03-15 00:00:00,,,
3828,2013-03-16 00:00:00,,,
35,2013-03-17 00:00:00,,,
7050,2013-03-18 00:00:00,,,
8509,2013-03-19 00:00:00,,,
8829,2013-03-20 00:00:00,,,
4665,2013-03-21 00:00:00,,,
2699,2013-03-22 00:00:00,,,
9345,2013-03-23 00:00:00,,,
193,2013-03-24 00:00:00,,,
6930,2013-03-25 00:00:00,,,
3762,2013-03-26 00:00:00,,,
8678,2013-03-27 00:00:00,,,
3556,2013-03-28 00:00:00,,,
10830,2013-03-29 00:00:00,,,
4670,2013-03-30 00:00:00,,,
367,2013-03-31 00:00:00,,,
5680,2013-04-01 00:00:00,,,
10219,2013-04-02 00:00:00,,,
5293,2013-04-03 00:00:00,,,
3972,2013-04-04 00:00:00,,,
8886,2013-04-05 00:00:00,,,
3029,2013-04-06 00:00:00,,,
2498,2013-04-07 00:00:00,,,
7429,2013-04-08 00:00:00,,,
10100,2013-04-09 00:00:00,,,
6464,2013-04-10 00:00:00,,,
3486,2013-04-11 00:00:00,,,
8453,2013-04-12 00:00:00,,,
3540,2013-04-13 00:00:00,,,
1176,2013-04-14 00:00:00,,,
6554,2013-04-15 00:00:00,,,
7756,2013-04-16 00:00:00,,,
13407,2013-04-17 00:00:00,,,
7220,2013-04-18 00:00:00,,,
5935,2013-04-19 00:00:00,,,
5388,2013-04-20 00:00:00,,,
2691,2013-04-22 00:00:00,,,
8134,2013-04-23 00:00:00,,,
3658,2013-04-24 00:00:00,,,
9209,2013-04-25 00:00:00,,,
10915,2013-04-26 00:00:00,,,
2222,2013-04-27 00:00:00,,,
3899,2013-04-29 00:00:00,,,
10622,2013-04-30 00:00:00,,,
11490,2013-05-01 00:00:00,,,
1995,2013-05-02 00:00:00,,,
10908,2013-05-03 00:00:00,,,
7506,2013-05-04 00:00:00,,,
1606,2013-05-05 00:00:00,,,
6347,2013-05-06 00:00:00,,,
9007,2013-05-07 00:00:00,,,
11565,2013-05-08 00:00:00,,,
6237,2013-05-09 00:00:00,,,
8156,2013-05-10 00:00:00,,,
6438,2013-05-11 00:00:00,,,
437,2013-05-12 00:00:00,,,
3522,2013-05-13 00:00:00,,,
10355,2013-05-14 00:00:00,,,
8747,2013-05-15 00:00:00,,,
14930,2013-05-16 00:00:00,,,
8984,2013-05-17 00:00:00,,,
2136,2013-05-18 00:00:00,,,
833,2013-05-19 00:00:00,,,
4217,2013-05-20 00:00:00,,,
10405,2013-05-21 00:00:00,,,
9610,2013-05-22 00:00:00,,,
4887,2013-05-23 00:00:00,,,
22701,2013-05-24 00:00:00,,,
3840,2013-05-25 00:00:00,,,
1365,2013-05-26 00:00:00,,,
11795,2013-05-27 00:00:00,,,
17001,2013-05-28 00:00:00,,,
14582,2013-05-29 00:00:00,,,
12985,2013-05-30 00:00:00,,,
15938,2013-05-31 00:00:00,,,
8286,2013-06-01 00:00:00,,,
1712,2013-06-02 00:00:00,,,
11975,2013-06-03 00:00:00,,,
18446,2013-06-04 00:00:00,,,
19052,2013-06-05 00:00:00,,,
10820,2013-06-06 00:00:00,,,
20570,2013-06-07 00:00:00,,,
8767,2013-06-08 00:00:00,,,
450,2013-06-09 00:00:00,,,
21924,2013-06-10 00:00:00,,,
23932,2013-06-11 00:00:00,,,
15276,2013-06-12 00:00:00,,,
18579,2013-06-13 00:00:00,,,
17452,2013-06-14 00:00:00,,,
13957,2013-06-15 00:00:00,,,
1241,2013-06-16 00:00:00,,,
20471,2013-06-17 00:00:00,,,
20793,2013-06-18 00:00:00,,,
10298,2013-06-19 00:00:00,,,
10391,2013-06-20 00:00:00,,,
11389,2013-06-21 00:00:00,,,
3666,2013-06-22 00:00:00,,,
2962,2013-06-23 00:00:00,,,
24121,2013-06-24 00:00:00,,,
22754,2013-06-25 00:00:00,,,
12470,2013-06-26 00:00:00,,,
17976,2013-06-27 00:00:00,,,
16550,2013-06-28 00:00:00,,,
5628,2013-06-29 00:00:00,,,
4605,2013-06-30 00:00:00,,,
9507,2013-07-01 00:00:00,,,
10954,2013-07-02 00:00:00,,,
9432,2013-07-03 00:00:00,,,
6050,2013-07-04 00:00:00,,,
5128,2013-07-05 00:00:00,,,
5713,2013-07-06 00:00:00,,,
52,2013-07-07 00:00:00,,,
16837,2013-07-08 00:00:00,,,
5903,2013-07-09 00:00:00,,,
10177,2013-07-10 00:00:00,,,
11004,2013-07-11 00:00:00,,,
10503,2013-07-12 00:00:00,,,
2028,2013-07-13 00:00:00,,,
2440,2013-07-14 00:00:00,,,
10981,2013-07-15 00:00:00,,,
10727,2013-07-16 00:00:00,,,
5670,2013-07-17 00:00:00,,,
4891,2013-07-18 00:00:00,,,
7929,2013-07-19 00:00:00,,,
7854,2013-07-20 00:00:00,,,
90,2013-07-21 00:00:00,,,
14719,2013-07-22 00:00:00,,,
8699,2013-07-23 00:00:00,,,
4492,2013-07-24 00:00:00,,,
15506,2013-07-25 00:00:00,,,
11300,2013-07-26 00:00:00,,,
979,2013-07-27 00:00:00,,,
717,2013-07-28 00:00:00,,,
7272,2013-07-29 00:00:00,,,
5762,2013-07-30 00:00:00,,,
6624,2013-07-31 00:00:00,,,
15741,2013-08-01 00:00:00,,,
9885,2013-08-02 00:00:00,,,
4221,2013-08-03 00:00:00,,,
3409,2013-08-04 00:00:00,,,
6756,2013-08-05 00:00:00,,,
12374,2013-08-06 00:00:00,,,
12674,2013-08-07 00:00:00,,,
6511,2013-08-08 00:00:00,,,
9095,2013-08-09 00:00:00,,,
4810,2013-08-10 00:00:00,,,
944,2013-08-11 00:00:00,,,
18111,2013-08-12 00:00:00,,,
15314,2013-08-13 00:00:00,,,
9337,2013-08-14 00:00:00,,,
18850,2013-08-15 00:00:00,,,
19201,2013-08-16 00:00:00,,,
3206,2013-08-17 00:00:00,,,
24,2013-08-18 00:00:00,,,
13952,2013-08-19 00:00:00,,,
11056,2013-08-20 00:00:00,,,
14647,2013-08-21 00:00:00,,,
20914,2013-08-22 00:00:00,,,
10335,2013-08-23 00:00:00,,,
15629,2013-08-24 00:00:00,,,
375,2013-08-25 00:00:00,,,
9248,2013-08-26 00:00:00,,,
21352,2013-08-27 00:00:00,,,
11950,2013-08-28 00:00:00,,,
9015,2013-08-29 00:00:00,,,
8131,2013-08-30 00:00:00,,,
9424,2013-08-31 00:00:00,,,
365,2013-09-01 00:00:00,,,
12376,2013-09-02 00:00:00,,,
22434,2013-09-03 00:00:00,,,
14181,2013-09-04 00:00:00,,,
17986,2013-09-05 00:00:00,,,
14408,2013-09-06 00:00:00,,,
2432,2013-09-07 00:00:00,,,
1058,2013-09-08 00:00:00,,,
15471,2013-09-09 00:00:00,,,
16155,2013-09-10 00:00:00,,,
12805,2013-09-11 00:00:00,,,
17036,2013-09-12 00:00:00,,,
12952,2013-09-13 00:00:00,,,
20744,2013-09-14 00:00:00,,,
1842,2013-09-15 00:00:00,,,
20816,2013-09-16 00:00:00,,,
16185,2013-09-17 00:00:00,,,
6126,2013-09-18 00:00:00,,,
21464,2013-09-19 00:00:00,,,
23851,2013-09-20 00:00:00,,,
14393,2013-09-21 00:00:00,,,
164,2013-09-22 00:00:00,,,
4633,2013-09-23 00:00:00,,,
14082,2013-09-24 00:00:00,,,
18284,2013-09-25 00:00:00,,,
17361,2013-09-26 00:00:00,,,
11987,2013-09-27 00:00:00,,,
7037,2013-09-28 00:00:00,,,
998,2013-09-29 00:00:00,,,
17000,2013-09-30 00:00:00,,,
7365,2013-10-01 00:00:00,,,
11095,2013-10-02 00:00:00,,,
26326,2013-10-03 00:00:00,,,
12946,2013-10-04 00:00:00,,,
10811,2013-10-05 00:00:00,,,
73,2013-10-06 00:00:00,,,
7627,2013-10-07 00:00:00,,,
9903,2013-10-08 00:00:00,,,
14510,2013-10-09 00:00:00,,,
5394,2013-10-10 00:00:00,,,
11739,2013-10-11 00:00:00,,,
4576,2013-10-12 00:00:00,,,
1156,2013-10-13 00:00:00,,,
9139,2013-10-14 00:00:00,,,
17730,2013-10-15 00:00:00,,,
14030,2013-10-16 00:00:00,,,
14107,2013-10-17 00:00:00,,,
12940,2013-10-18 00:00:00,,,
962,2013-10-19 00:00:00,,,
412,2013-10-20 00:00:00,,,
10369,2013-10-21 00:00:00,,,
14937,2013-10-22 00:00:00,,,
15582,2013-10-23 00:00:00,,,
3728,2013-10-24 00:00:00,,,
7383,2013-10-25 00:00:00,,,
2370,2013-10-26 00:00:00,,,
1591,2013-10-27 00:00:00,,,
8589,2013-10-28 00:00:00,,,
12816,2013-10-29 00:00:00,,,
13944,2013-10-30 00:00:00,,,
9273,2013-10-31 00:00:00,,,
20912,2013-11-01 00:00:00,,,
3216,2013-11-02 00:00:00,,,
13805,2013-11-04 00:00:00,,,
15751,2013-11-05 00:00:00,,,
16334,2013-11-06 00:00:00,,,
8290,2013-11-07 00:00:00,,,
13704,2013-11-08 00:00:00,,,
10235,2013-11-09 00:00:00,,,
480,2013-11-10 00:00:00,,,
19650,2013-11-11 00:00:00,,,
8936,2013-11-12 00:00:00,,,
19744,2013-11-13 00:00:00,,,
10065,2013-11-14 00:00:00,,,
20258,2013-11-15 00:00:00,,,
7729,2013-11-16 00:00:00,,,
3740,2013-11-17 00:00:00,,,
12479,2013-11-18 00:00:00,,,
24525,2013-11-19 00:00:00,,,
5284,2013-11-20 00:00:00,,,
9797,2013-11-21 00:00:00,,,
15233,2013-11-22 00:00:00,,,
6811,2013-11-23 00:00:00,,,
3372,2013-11-24 00:00:00,,,
16206,2013-11-25 00:00:00,,,
20901,2013-11-26 00:00:00,,,
14318,2013-11-27 00:00:00,,,
29928,2013-11-28 00:00:00,,,
15183,2013-11-29 00:00:00,,,
7110,2013-11-30 00:00:00,,,
1365,2013-12-01 00:00:00,,,
15643,2013-12-02 00:00:00,,,
19734,2013-12-03 00:00:00,,,
17448,2013-12-04 00:00:00,,,
6785,2013-12-05 00:00:00,,,
20783,2013-12-06 00:00:00,,,
7410,2013-12-07 00:00:00,,,
383,2013-12-08 00:00:00,,,
12885,2013-12-09 00:00:00,,,
16261,2013-12-10 00:00:00,,,
18100,2013-12-11 00:00:00,,,
18006,2013-12-12 00:00:00,,,
9431,2013-12-13 00:00:00,,,
4575,2013-12-14 00:00:00,,,
1385,2013-12-15 00:00:00,,,
23020,2013-12-16 00:00:00,,,
13432,2013-12-17 00:00:00,,,
33937,2013-12-18 00:00:00,,,
15153,2013-12-19 00:00:00,,,
22233,2013-12-20 00:00:00,,,
3498,2013-12-21 00:00:00,,,
2334,2013-12-22 00:00:00,,,
15339,2013-12-23 00:00:00,,,
15831,2013-12-24 00:00:00,,,
11340,2013-12-25 00:00:00,,,
36434,2013-12-26 00:00:00,,,
10282,2013-12-27 00:00:00,,,
3553,2013-12-28 00:00:00,,,
426,2013-12-29 00:00:00,,,
14291,2013-12-30 00:00:00,,,
14179,2013-12-31 00:00:00,,,
3613,2014-01-01 00:00:00,,,
4169,2014-01-02 00:00:00,,,
11326,2014-01-03 00:00:00,,,
4705,2014-01-04 00:00:00,,,
427,2014-01-05 00:00:00,,,
10841,2014-01-06 00:00:00,,,
6202,2014-01-07 00:00:00,,,
13412,2014-01-08 00:00:00,,,
9743,2014-01-09 00:00:00,,,
4202,2014-01-10 00:00:00,,,
4428,2014-01-11 00:00:00,,,
75,2014-01-12 00:00:00,,,
5360,2014-01-13 00:00:00,,,
17296,2014-01-14 00:00:00,,,
6002,2014-01-15 00:00:00,,,
11340,2014-01-16 00:00:00,,,
14417,2014-01-17 00:00:00,,,
9694,2014-01-18 00:00:00,,,
194,2014-01-19 00:00:00,,,
11622,2014-01-20 00:00:00,,,
8762,2014-01-21 00:00:00,,,
12946,2014-01-22 00:00:00,,,
6713,2014-01-23 00:00:00,,,
9326,2014-01-24 00:00:00,,,
7099,2014-01-25 00:00:00,,,
2073,2014-01-26 00:00:00,,,
5228,2014-01-27 00:00:00,,,
8558,2014-01-28 00:00:00,,,
11460,2014-01-29 00:00:00,,,
7594,2014-01-30 00:00:00,,,
12440,2014-01-31 00:00:00,,,
867,2014-02-01 00:00:00,,,
4501,2014-02-03 00:00:00,,,
8191,2014-02-04 00:00:00,,,
6321,2014-02-05 00:00:00,,,
7087,2014-02-06 00:00:00,,,
11014,2014-02-07 00:00:00,,,
2331,2014-02-08 00:00:00,,,
128,2014-02-09 00:00:00,,,
11902,2014-02-10 00:00:00,,,
12392,2014-02-11 00:00:00,,,
11211,2014-02-12 00:00:00,,,
9615,2014-02-13 00:00:00,,,
11483,2014-02-14 00:00:00,,,
2606,2014-02-15 00:00:00,,,
412,2014-02-16 00:00:00,,,
10510,2014-02-17 00:00:00,,,
9960,2014-02-18 00:00:00,,,
6749,2014-02-19 00:00:00,,,
6910,2014-02-20 00:00:00,,,
8020,2014-02-21 00:00:00,,,
2685,2014-02-22 00:00:00,,,
755,2014-02-23 00:00:00,,,
8064,2014-02-24 00:00:00,,,
6741,2014-02-25 00:00:00,,,
4576,2014-02-26 00:00:00,,,
10046,2014-02-27 00:00:00,,,
9771,2014-02-28 00:00:00,,,
2914,2014-03-01 00:00:00,,,
613,2014-03-02 00:00:00,,,
4706,2014-03-03 00:00:00,,,
11929,2014-03-04 00:00:00,,,
6781,2014-03-05 00:00:00,,,
7213,2014-03-06 00:00:00,,,
4781,2014-03-07 00:00:00,,,
3178,2014-03-08 00:00:00,,,
882,2014-03-09 00:00:00,,,
5362,2014-03-10 00:00:00,,,
12584,2014-03-11 00:00:00,,,
9030,2014-03-12 00:00:00,,,
6263,2014-03-13 00:00:00,,,
14091,2014-03-14 00:00:00,,,
9024,2014-03-15 00:00:00,,,
69,2014-03-16 00:00:00,,,
20494,2014-03-17 00:00:00,,,
11184,2014-03-18 00:00:00,,,
12634,2014-03-19 00:00:00,,,
9522,2014-03-20 00:00:00,,,
9055,2014-03-21 00:00:00,,,
8993,2014-03-22 00:00:00,,,
240,2014-03-23 00:00:00,,,
23866,2014-03-24 00:00:00,,,
8011,2014-03-25 00:00:00,,,
17632,2014-03-26 00:00:00,,,
15204,2014-03-27 00:00:00,,,
10962,2014-03-28 00:00:00,,,
1732,2014-03-29 00:00:00,,,
252,2014-03-30 00:00:00,,,
13909,2014-03-31 00:00:00,,,
12109,2014-04-01 00:00:00,,,
14935,2014-04-02 00:00:00,,,
9185,2014-04-03 00:00:00,,,
2805,2014-04-04 00:00:00,,,
1767,2014-04-05 00:00:00,,,
1151,2014-04-06 00:00:00,,,
11076,2014-04-07 00:00:00,,,
7563,2014-04-08 00:00:00,,,
16027,2014-04-09 00:00:00,,,
8512,2014-04-10 00:00:00,,,
8920,2014-04-11 00:00:00,,,
5151,2014-04-12 00:00:00,,,
1890,2014-04-13 00:00:00,,,
12468,2014-04-14 00:00:00,,,
11627,2014-04-15 00:00:00,,,
15247,2014-04-16 00:00:00,,,
11521,2014-04-17 00:00:00,,,
8720,2014-04-18 00:00:00,,,
1881,2014-04-19 00:00:00,,,
1075,2014-04-20 00:00:00,,,
13646,2014-04-21 00:00:00,,,
7247,2014-04-22 00:00:00,,,
7784,2014-04-23 00:00:00,,,
10634,2014-04-24 00:00:00,,,
5873,2014-04-25 00:00:00,,,
5622,2014-04-26 00:00:00,,,
1084,2014-04-27 00:00:00,,,
13017,2014-04-28 00:00:00,,,
4530,2014-04-29 00:00:00,,,
9714,2014-04-30 00:00:00,,,
10080,2014-05-01 00:00:00,,,
10096,2014-05-02 00:00:00,,,
2957,2014-05-03 00:00:00,,,
2776,2014-05-04 00:00:00,,,
7531,2014-05-05 00:00:00,,,
3320,2014-05-06 00:00:00,,,
14739,2014-05-07 00:00:00,,,
22266,2014-05-08 00:00:00,,,
14908,2014-05-09 00:00:00,,,
8213,2014-05-10 00:00:00,,,
808,2014-05-11 00:00:00,,,
6459,2014-05-12 00:00:00,,,
7719,2014-05-13 00:00:00,,,
4904,2014-05-14 00:00:00,,,
14366,2014-05-15 00:00:00,,,
21191,2014-05-16 00:00:00,,,
6514,2014-05-17 00:00:00,,,
161,2014-05-18 00:00:00,,,
16822,2014-05-19 00:00:00,,,
12208,2014-05-20 00:00:00,,,
8808,2014-05-21 00:00:00,,,
8317,2014-05-22 00:00:00,,,
8352,2014-05-23 00:00:00,,,
8061,2014-05-24 00:00:00,,,
1212,2014-05-25 00:00:00,,,
10349,2014-05-26 00:00:00,,,
13567,2014-05-27 00:00:00,,,
12133,2014-05-28 00:00:00,,,
16612,2014-05-29 00:00:00,,,
6475,2014-05-30 00:00:00,,,
6480,2014-05-31 00:00:00,,,
2039,2014-06-01 00:00:00,,,
15739,2014-06-02 00:00:00,,,
17698,2014-06-03 00:00:00,,,
17541,2014-06-04 00:00:00,,,
11197,2014-06-05 00:00:00,,,
14222,2014-06-06 00:00:00,,,
4528,2014-06-07 00:00:00,,,
2846,2014-06-08 00:00:00,,,
20003,2014-06-09 00:00:00,,,
18325,2014-06-10 00:00:00,,,
17145,2014-06-11 00:00:00,,,
11547,2014-06-12 00:00:00,,,
12599,2014-06-13 00:00:00,,,
7437,2014-06-14 00:00:00,,,
1383,2014-06-15 00:00:00,,,
17993,2014-06-16 00:00:00,,,
19979,2014-06-17 00:00:00,,,
32195,2014-06-18 00:00:00,,,
12525,2014-06-19 00:00:00,,,
12021,2014-06-20 00:00:00,,,
6230,2014-06-21 00:00:00,,,
1219,2014-06-22 00:00:00,,,
16705,2014-06-23 00:00:00,,,
27468,2014-06-24 00:00:00,,,
13235,2014-06-25 00:00:00,,,
21340,2014-06-26 00:00:00,,,
17898,2014-06-27 00:00:00,,,
6939,2014-06-28 00:00:00,,,
2438,2014-06-29 00:00:00,,,
19409,2014-06-30 00:00:00,,,
8456,2014-07-01 00:00:00,,,
11008,2014-07-02 00:00:00,,,
8746,2014-07-03 00:00:00,,,
17290,2014-07-04 00:00:00,,,
10303,2014-07-05 00:00:00,,,
653,2014-07-06 00:00:00,,,
7775,2014-07-07 00:00:00,,,
4798,2014-07-08 00:00:00,,,
15174,2014-07-09 00:00:00,,,
9794,2014-07-10 00:00:00,,,
8425,2014-07-11 00:00:00,,,
8356,2014-07-12 00:00:00,,,
214,2014-07-13 00:00:00,,,
9467,2014-07-14 00:00:00,,,
7418,2014-07-15 00:00:00,,,
9494,2014-07-16 00:00:00,,,
11801,2014-07-17 00:00:00,,,
6538,2014-07-18 00:00:00,,,
7837,2014-07-19 00:00:00,,,
12392,2014-07-21 00:00:00,,,
12721,2014-07-22 00:00:00,,,
4114,2014-07-23 00:00:00,,,
7809,2014-07-24 00:00:00,,,
6340,2014-07-25 00:00:00,,,
6679,2014-07-26 00:00:00,,,
3904,2014-07-27 00:00:00,,,
8974,2014-07-28 00:00:00,,,
11166,2014-07-29 00:00:00,,,
13001,2014-07-30 00:00:00,,,
8071,2014-07-31 00:00:00,,,
13115,2014-08-01 00:00:00,,,
19435,2014-08-02 00:00:00,,,
1580,2014-08-03 00:00:00,,,
21526,2014-08-04 00:00:00,,,
13402,2014-08-05 00:00:00,,,
19854,2014-08-06 00:00:00,,,
23212,2014-08-07 00:00:00,,,
17937,2014-08-08 00:00:00,,,
8219,2014-08-09 00:00:00,,,
20212,2014-08-11 00:00:00,,,
14180,2014-08-12 00:00:00,,,
22490,2014-08-13 00:00:00,,,
18806,2014-08-14 00:00:00,,,
12696,2014-08-15 00:00:00,,,
15882,2014-08-16 00:00:00,,,
615,2014-08-17 00:00:00,,,
20154,2014-08-18 00:00:00,,,
17605,2014-08-19 00:00:00,,,
25231,2014-08-20 00:00:00,,,
12042,2014-08-21 00:00:00,,,
28180,2014-08-22 00:00:00,,,
9432,2014-08-23 00:00:00,,,
5497,2014-08-24 00:00:00,,,
11277,2014-08-25 00:00:00,,,
18166,2014-08-26 00:00:00,,,
8967,2014-08-27 00:00:00,,,
22058,2014-08-28 00:00:00,,,
28421,2014-08-29 00:00:00,,,
5979,2014-08-30 00:00:00,,,
463,2014-08-31 00:00:00,,,
16766,2014-09-01 00:00:00,,,
16644,2014-09-02 00:00:00,,,
27854,2014-09-03 00:00:00,,,
19507,2014-09-04 00:00:00,,,
19641,2014-09-05 00:00:00,,,
12913,2014-09-06 00:00:00,,,
630,2014-09-07 00:00:00,,,
27675,2014-09-08 00:00:00,,,
10260,2014-09-09 00:00:00,,,
8982,2014-09-10 00:00:00,,,
22511,2014-09-11 00:00:00,,,
23057,2014-09-12 00:00:00,,,
8899,2014-09-13 00:00:00,,,
606,2014-09-14 00:00:00,,,
16199,2014-09-15 00:00:00,,,
22924,2014-09-16 00:00:00,,,
22943,2014-09-17 00:00:00,,,
29837,2014-09-18 00:00:00,,,
17155,2014-09-19 00:00:00,,,
6013,2014-09-20 00:00:00,,,
8202,2014-09-21 00:00:00,,,
10645,2014-09-22 00:00:00,,,
23879,2014-09-23 00:00:00,,,
13630,2014-09-24 00:00:00,,,
21496,2014-09-25 00:00:00,,,
26793,2014-09-26 00:00:00,,,
8143,2014-09-27 00:00:00,,,
5997,2014-09-28 00:00:00,,,
17933,2014-09-29 00:00:00,,,
13452,2014-09-30 00:00:00,,,
7428,2014-10-01 00:00:00,,,
21536,2014-10-02 00:00:00,,,
22239,2014-10-03 00:00:00,,,
8753,2014-10-04 00:00:00,,,
1601,2014-10-05 00:00:00,,,
22333,2014-10-06 00:00:00,,,
18468,2014-10-07 00:00:00,,,
10372,2014-10-08 00:00:00,,,
13445,2014-10-09 00:00:00,,,
11762,2014-10-10 00:00:00,,,
6575,2014-10-11 00:00:00,,,
3782,2014-10-12 00:00:00,,,
30239,2014-10-13 00:00:00,,,
17238,2014-10-14 00:00:00,,,
8447,2014-10-15 00:00:00,,,
9614,2014-10-16 00:00:00,,,
29932,2014-10-17 00:00:00,,,
4897,2014-10-18 00:00:00,,,
2604,2014-10-19 00:00:00,,,
14936,2014-10-20 00:00:00,,,
11264,2014-10-21 00:00:00,,,
16071,2014-10-22 00:00:00,,,
24770,2014-10-23 00:00:00,,,
19626,2014-10-24 00:00:00,,,
6715,2014-10-25 00:00:00,,,
11055,2014-10-27 00:00:00,,,
22234,2014-10-28 00:00:00,,,
15126,2014-10-29 00:00:00,,,
10453,2014-10-30 00:00:00,,,
19270,2014-10-31 00:00:00,,,
5192,2014-11-01 00:00:00,,,
3890,2014-11-02 00:00:00,,,
17840,2014-11-03 00:00:00,,,
19814,2014-11-04 00:00:00,,,
24508,2014-11-05 00:00:00,,,
18724,2014-11-06 00:00:00,,,
23915,2014-11-07 00:00:00,,,
17784,2014-11-08 00:00:00,,,
1313,2014-11-09 00:00:00,,,
19585,2014-11-10 00:00:00,,,
21693,2014-11-11 00:00:00,,,
26972,2014-11-12 00:00:00,,,
19992,2014-11-13 00:00:00,,,
23389,2014-11-14 00:00:00,,,
5816,2014-11-15 00:00:00,,,
5086,2014-11-16 00:00:00,,,
22347,2014-11-17 00:00:00,,,
39541,2014-11-18 00:00:00,,,
23162,2014-11-19 00:00:00,,,
31411,2014-11-20 00:00:00,,,
26296,2014-11-21 00:00:00,,,
17030,2014-11-22 00:00:00,,,
3147,2014-11-23 00:00:00,,,
16061,2014-11-24 00:00:00,,,
25104,2014-11-25 00:00:00,,,
28478,2014-11-26 00:00:00,,,
26097,2014-11-27 00:00:00,,,
24446,2014-11-28 00:00:00,,,
14509,2014-11-29 00:00:00,,,
2170,2014-11-30 00:00:00,,,
17572,2014-12-01 00:00:00,,,
17211,2014-12-02 00:00:00,,,
25988,2014-12-03 00:00:00,,,
23723,2014-12-04 00:00:00,,,
17065,2014-12-05 00:00:00,,,
5284,2014-12-06 00:00:00,,,
4390,2014-12-07 00:00:00,,,
18619,2014-12-08 00:00:00,,,
20607,2014-12-09 00:00:00,,,
25546,2014-12-10 00:00:00,,,
19210,2014-12-11 00:00:00,,,
12085,2014-12-12 00:00:00,,,
16620,2014-12-13 00:00:00,,,
1310,2014-12-14 00:00:00,,,
21375,2014-12-15 00:00:00,,,
11566,2014-12-16 00:00:00,,,
16432,2014-12-17 00:00:00,,,
16123,2014-12-18 00:00:00,,,
25754,2014-12-19 00:00:00,,,
7803,2014-12-20 00:00:00,,,
395,2014-12-21 00:00:00,,,
10357,2014-12-22 00:00:00,,,
28099,2014-12-23 00:00:00,,,
20479,2014-12-24 00:00:00,,,
22703,2014-12-25 00:00:00,,,
26577,2014-12-26 00:00:00,,,
13418,2014-12-27 00:00:00,,,
1646,2014-12-28 00:00:00,,,
25106,2014-12-29 00:00:00,,,
16833,2014-12-30 00:00:00,16833,16833,16833
13258,2014-12-31 00:00:00,20758,28172,13345
,2015-01-01 00:00:00,20852,28303,13402
,2015-01-02 00:00:00,21874,29361,14387
,2015-01-03 00:00:00,11170,18694,3646
,2015-01-04 00:00:00,3971,11531,'-3589
,2015-01-05 00:00:00,19295,26892,11699
,2015-01-06 00:00:00,20663,28295,13030
,2015-01-07 00:00:00,20758,28532,12985
,2015-01-08 00:00:00,20852,28661,13043
,2015-01-09 00:00:00,21874,29718,14030
,2015-01-10 00:00:00,11170,19049,3291
,2015-01-11 00:00:00,3971,11885,'-3943
,2015-01-12 00:00:00,19295,27244,11346
,2015-01-13 00:00:00,20663,28646,12680
,2015-01-14 00:00:00,20758,28877,12640
